config,weighted_f1,macro_f1
"{'text_max_len': 50, 'char_max_len': 200, 'word_char_max_len': 20, 'n_units': 128, 'emb_dim': 128, 'n_layers': 2, 'epochs': 500, 'learning_rate': 0.001, 'model_name': 'CS_ELMO_without_words', 'loss': 'ce', 'use_features': False}",0.9478014513480753,0.9387591371010876
"{'text_max_len': 50, 'char_max_len': 200, 'word_char_max_len': 20, 'n_units': 128, 'emb_dim': 128, 'n_layers': 2, 'epochs': 500, 'learning_rate': 0.001, 'model_name': 'CS_ELMO_without_words', 'loss': 'focal', 'use_features': False}",0.9305311864263828,0.9186591186591186
"{'text_max_len': 50, 'char_max_len': 200, 'word_char_max_len': 20, 'n_units': 128, 'emb_dim': 128, 'n_layers': 2, 'epochs': 500, 'learning_rate': 0.001, 'model_name': 'HAN', 'loss': 'ce', 'use_features': False}",0.9327632156223812,0.9213507420107132
"{'text_max_len': 50, 'char_max_len': 200, 'word_char_max_len': 20, 'n_units': 128, 'emb_dim': 128, 'n_layers': 2, 'epochs': 500, 'learning_rate': 0.001, 'model_name': 'HAN', 'loss': 'focal', 'use_features': False}",0.9411065127993596,0.9306974528539804
"{'text_max_len': 50, 'char_max_len': 200, 'word_char_max_len': 20, 'n_units': 128, 'emb_dim': 128, 'n_layers': 2, 'epochs': 500, 'learning_rate': 0.001, 'model_name': 'CMSA', 'loss': 'ce', 'use_features': False}",0.9326399757759508,0.9210498512525368
"{'text_max_len': 50, 'char_max_len': 200, 'word_char_max_len': 20, 'n_units': 128, 'emb_dim': 128, 'n_layers': 2, 'epochs': 500, 'learning_rate': 0.001, 'model_name': 'CMSA', 'loss': 'focal', 'use_features': False}",0.9388646288209608,0.927987421383648
"{'text_max_len': 50, 'char_max_len': 100, 'word_char_max_len': 20, 'n_units': 128, 'emb_dim': 128, 'n_layers': 2, 'epochs': 500, 'learning_rate': 0.001, 'model_name': 'HIT', 'loss': 'ce', 'use_features': True}",0.9318150750709648,0.9191176889466159
"{'text_max_len': 50, 'char_max_len': 100, 'word_char_max_len': 20, 'n_units': 128, 'emb_dim': 128, 'n_layers': 2, 'epochs': 500, 'learning_rate': 0.001, 'model_name': 'HIT', 'loss': 'ce', 'use_features': False}",0.9242222413247012,0.9115356809765844
"{'text_max_len': 50, 'char_max_len': 100, 'word_char_max_len': 20, 'n_units': 128, 'emb_dim': 128, 'n_layers': 2, 'epochs': 500, 'learning_rate': 0.001, 'model_name': 'HIT', 'loss': 'focal', 'use_features': True}",0.9295374880538888,0.9163317500913408
"{'text_max_len': 50, 'char_max_len': 100, 'word_char_max_len': 20, 'n_units': 128, 'emb_dim': 128, 'n_layers': 2, 'epochs': 500, 'learning_rate': 0.001, 'model_name': 'HIT', 'loss': 'focal', 'use_features': False}",0.9319630712977626,0.9194553963976742
"{'text_max_len': 50, 'char_max_len': 100, 'word_char_max_len': 20, 'n_units': 128, 'emb_dim': 128, 'n_layers': 2, 'epochs': 500, 'learning_rate': 0.001, 'model_name': 'HIT_outer', 'loss': 'ce', 'use_features': True}",0.9337917960411776,0.9212246302029584
"{'text_max_len': 50, 'char_max_len': 100, 'word_char_max_len': 20, 'n_units': 128, 'emb_dim': 128, 'n_layers': 2, 'epochs': 500, 'learning_rate': 0.001, 'model_name': 'HIT_outer', 'loss': 'ce', 'use_features': False}",0.9313445327729152,0.9180646687788184
"{'text_max_len': 50, 'char_max_len': 100, 'word_char_max_len': 20, 'n_units': 128, 'emb_dim': 128, 'n_layers': 2, 'epochs': 500, 'learning_rate': 0.001, 'model_name': 'HIT_outer', 'loss': 'focal', 'use_features': True}",0.9337917960411776,0.9212246302029584
"{'text_max_len': 50, 'char_max_len': 100, 'word_char_max_len': 20, 'n_units': 128, 'emb_dim': 128, 'n_layers': 2, 'epochs': 500, 'learning_rate': 0.001, 'model_name': 'HIT_outer', 'loss': 'focal', 'use_features': False}",0.9249640355133344,0.9107212475633528
"{'text_max_len': 50, 'char_max_len': 100, 'word_char_max_len': 20, 'n_units': 128, 'emb_dim': 128, 'n_layers': 2, 'epochs': 500, 'learning_rate': 0.001, 'model_name': 'HIT_without_words', 'loss': 'ce', 'use_features': True}",0.9447628098331468,0.9342116603368134
"{'text_max_len': 50, 'char_max_len': 100, 'word_char_max_len': 20, 'n_units': 128, 'emb_dim': 128, 'n_layers': 2, 'epochs': 500, 'learning_rate': 0.001, 'model_name': 'HIT_without_words', 'loss': 'ce', 'use_features': False}",0.640631202858277,0.5662878787878788
"{'text_max_len': 50, 'char_max_len': 100, 'word_char_max_len': 20, 'n_units': 128, 'emb_dim': 128, 'n_layers': 2, 'epochs': 500, 'learning_rate': 0.001, 'model_name': 'HIT_without_words', 'loss': 'focal', 'use_features': True}",0.9356186608417192,0.9230095933686926
"{'text_max_len': 50, 'char_max_len': 100, 'word_char_max_len': 20, 'n_units': 128, 'emb_dim': 128, 'n_layers': 2, 'epochs': 500, 'learning_rate': 0.001, 'model_name': 'HIT_without_words', 'loss': 'focal', 'use_features': False}",0.774683320156111,0.7155450483841885
"{'text_max_len': 50, 'char_max_len': 100, 'word_char_max_len': 20, 'n_units': 128, 'emb_dim': 128, 'n_layers': 2, 'epochs': 500, 'learning_rate': 0.001, 'model_name': 'HIT_outer_without_words', 'loss': 'ce', 'use_features': True}",0.9251335810572568,0.9111024844720496
"{'text_max_len': 50, 'char_max_len': 100, 'word_char_max_len': 20, 'n_units': 128, 'emb_dim': 128, 'n_layers': 2, 'epochs': 500, 'learning_rate': 0.001, 'model_name': 'Transformer', 'loss': 'ce', 'use_features': True}",0.9372127142404666,0.9267009928091698
"{'text_max_len': 50, 'char_max_len': 100, 'word_char_max_len': 20, 'n_units': 128, 'emb_dim': 128, 'n_layers': 2, 'epochs': 500, 'learning_rate': 0.001, 'model_name': 'Transformer', 'loss': 'ce', 'use_features': False}",0.929377915777256,0.9159729388831556
"{'text_max_len': 50, 'char_max_len': 100, 'word_char_max_len': 20, 'n_units': 128, 'emb_dim': 128, 'n_layers': 2, 'epochs': 500, 'learning_rate': 0.001, 'model_name': 'Transformer', 'loss': 'focal', 'use_features': True}",0.9277265598858548,0.9146116167522584
"{'text_max_len': 50, 'char_max_len': 100, 'word_char_max_len': 20, 'n_units': 128, 'emb_dim': 128, 'n_layers': 2, 'epochs': 500, 'learning_rate': 0.001, 'model_name': 'Transformer', 'loss': 'focal', 'use_features': False}",0.9240875015091402,0.9112024506572568
"{'text_max_len': 50, 'char_max_len': 200, 'word_char_max_len': 20, 'n_units': 128, 'emb_dim': 128, 'n_layers': 2, 'epochs': 500, 'learning_rate': 0.001, 'model_name': 'Transformer', 'loss': 'ce', 'use_features': True}",0.9363525505688748,0.9246518224365339
"{'text_max_len': 50, 'char_max_len': 200, 'word_char_max_len': 20, 'n_units': 128, 'emb_dim': 128, 'n_layers': 2, 'epochs': 500, 'learning_rate': 0.001, 'model_name': 'Transformer', 'loss': 'ce', 'use_features': False}",0.9411065127993595,0.9306974528539804
"{'text_max_len': 50, 'char_max_len': 200, 'word_char_max_len': 20, 'n_units': 128, 'emb_dim': 128, 'n_layers': 2, 'epochs': 500, 'learning_rate': 0.001, 'model_name': 'Transformer', 'loss': 'focal', 'use_features': True}",0.9238047466787457,0.9105164146277471
"{'text_max_len': 50, 'char_max_len': 200, 'word_char_max_len': 20, 'n_units': 128, 'emb_dim': 128, 'n_layers': 2, 'epochs': 500, 'learning_rate': 0.001, 'model_name': 'Transformer', 'loss': 'focal', 'use_features': False}",0.9200299404252764,0.9068261168384879
